{
  "norm": 36.5,
  "harmful_mean_projection": 0.55896484375,
  "harmless_mean_projection": -0.0004636383056640625,
  "cosine_separation": 0.5594284820556641,
  "harmful_cosines": [
    0.47265625,
    0.5546875,
    0.546875,
    0.55859375,
    0.5390625,
    0.515625,
    0.5390625,
    0.6015625,
    0.55078125,
    0.484375,
    0.5390625,
    0.62890625,
    0.5703125,
    0.56640625,
    0.6015625,
    0.50390625,
    0.6015625,
    0.61328125,
    0.6015625,
    0.6484375,
    0.6171875,
    0.60546875,
    0.63671875,
    0.51953125,
    0.53125,
    0.5625,
    0.64453125,
    0.484375,
    0.63671875,
    0.6015625,
    0.451171875,
    0.55078125,
    0.484375,
    0.59765625,
    0.64453125,
    0.6484375,
    0.447265625,
    0.609375,
    0.60546875,
    0.640625,
    0.4375,
    0.55078125,
    0.6171875,
    0.6015625,
    0.5546875,
    0.61328125,
    0.640625,
    0.455078125,
    0.474609375,
    0.5546875,
    0.56640625,
    0.51171875,
    0.6171875,
    0.5234375,
    0.47265625,
    0.416015625,
    0.52734375,
    0.486328125,
    0.48828125,
    0.443359375,
    0.5,
    0.56640625,
    0.578125,
    0.60546875,
    0.64453125,
    0.546875,
    0.53515625,
    0.62890625,
    0.58203125,
    0.578125,
    0.6171875,
    0.478515625,
    0.353515625,
    0.53125,
    0.51171875,
    0.546875,
    0.546875,
    0.63671875,
    0.546875,
    0.640625,
    0.6015625,
    0.443359375,
    0.62109375,
    0.453125,
    0.50390625,
    0.443359375,
    0.55859375,
    0.63671875,
    0.5546875,
    0.5390625,
    0.6328125,
    0.640625,
    0.640625,
    0.59375,
    0.62109375,
    0.57421875,
    0.53515625,
    0.60546875,
    0.61328125,
    0.59765625
  ],
  "harmless_cosines": [
    0.01171875,
    0.041015625,
    -0.109375,
    -0.095703125,
    -0.056884765625,
    0.1552734375,
    -0.02490234375,
    -0.03564453125,
    0.046142578125,
    0.034912109375,
    -0.05078125,
    -0.005218505859375,
    0.173828125,
    -0.1357421875,
    0.07666015625,
    -0.1279296875,
    -0.0927734375,
    0.051025390625,
    -0.00189971923828125,
    0.1259765625,
    -0.041015625,
    -0.11376953125,
    0.005584716796875,
    -0.087890625,
    -0.09228515625,
    -0.054931640625,
    -0.09619140625,
    -0.0869140625,
    -0.0615234375,
    -0.099609375,
    -0.1162109375,
    0.032958984375,
    -0.036376953125,
    -0.0830078125,
    -0.08154296875,
    0.00909423828125,
    -0.0179443359375,
    0.0108642578125,
    0.033447265625,
    0.04248046875,
    -0.0380859375,
    0.1240234375,
    -0.03515625,
    0.0810546875,
    0.042236328125,
    -0.099609375,
    -0.1357421875,
    0.054443359375,
    -0.034423828125,
    -0.0079345703125,
    0.027099609375,
    -0.04833984375,
    0.08203125,
    0.1259765625,
    0.1494140625,
    0.036865234375,
    0.06494140625,
    0.01495361328125,
    0.0654296875,
    0.0157470703125,
    0.039306640625,
    -0.00433349609375,
    0.03662109375,
    0.03662109375,
    0.0673828125,
    -0.09716796875,
    0.015380859375,
    -0.01434326171875,
    0.07568359375,
    -0.06640625,
    -0.007232666015625,
    0.02392578125,
    -0.053955078125,
    0.0859375,
    0.047119140625,
    0.0223388671875,
    0.0380859375,
    -0.0234375,
    0.06689453125,
    0.03857421875,
    -0.08056640625,
    0.1064453125,
    -0.07470703125,
    0.0311279296875,
    0.022705078125,
    -0.12451171875,
    0.011962890625,
    -0.068359375,
    0.1669921875,
    0.057373046875,
    -0.00836181640625,
    0.115234375,
    -0.0751953125,
    0.0556640625,
    0.0235595703125,
    0.07421875,
    -0.13671875,
    0.0155029296875,
    -0.0115966796875,
    -0.00396728515625
  ]
}