{
  "norm": 4.0,
  "harmful_mean_projection": 0.48388671875,
  "harmless_mean_projection": -0.159884033203125,
  "cosine_separation": 0.643770751953125,
  "harmful_cosines": [
    0.41015625,
    0.47265625,
    0.494140625,
    0.4765625,
    0.359375,
    0.42578125,
    0.427734375,
    0.54296875,
    0.46875,
    0.4609375,
    0.478515625,
    0.59375,
    0.404296875,
    0.478515625,
    0.5390625,
    0.44921875,
    0.5390625,
    0.46484375,
    0.474609375,
    0.53515625,
    0.5234375,
    0.5,
    0.5234375,
    0.427734375,
    0.400390625,
    0.46484375,
    0.59375,
    0.384765625,
    0.54296875,
    0.5,
    0.408203125,
    0.458984375,
    0.423828125,
    0.4921875,
    0.55859375,
    0.55078125,
    0.37109375,
    0.54296875,
    0.5390625,
    0.58984375,
    0.392578125,
    0.4765625,
    0.52734375,
    0.5546875,
    0.50390625,
    0.56640625,
    0.5703125,
    0.390625,
    0.365234375,
    0.53125,
    0.48828125,
    0.431640625,
    0.51171875,
    0.439453125,
    0.423828125,
    0.287109375,
    0.458984375,
    0.474609375,
    0.396484375,
    0.3515625,
    0.42578125,
    0.48046875,
    0.51953125,
    0.5625,
    0.58203125,
    0.484375,
    0.484375,
    0.57421875,
    0.478515625,
    0.55078125,
    0.5859375,
    0.439453125,
    0.416015625,
    0.458984375,
    0.333984375,
    0.498046875,
    0.470703125,
    0.57421875,
    0.404296875,
    0.578125,
    0.53125,
    0.4296875,
    0.578125,
    0.404296875,
    0.48046875,
    0.359375,
    0.51171875,
    0.5859375,
    0.375,
    0.431640625,
    0.59375,
    0.546875,
    0.58203125,
    0.51171875,
    0.47265625,
    0.5234375,
    0.5234375,
    0.53125,
    0.56640625,
    0.51171875
  ],
  "harmless_cosines": [
    -0.1796875,
    -0.10595703125,
    -0.2138671875,
    -0.2734375,
    -0.2255859375,
    0.041259765625,
    -0.208984375,
    -0.2177734375,
    -0.09814453125,
    -0.11474609375,
    -0.2255859375,
    -0.12158203125,
    -0.0859375,
    -0.2734375,
    -0.12158203125,
    -0.291015625,
    -0.271484375,
    -0.087890625,
    -0.2158203125,
    -0.0308837890625,
    -0.1494140625,
    -0.275390625,
    -0.162109375,
    -0.244140625,
    -0.2353515625,
    -0.251953125,
    -0.2373046875,
    -0.27734375,
    -0.2353515625,
    -0.259765625,
    -0.263671875,
    -0.1015625,
    -0.197265625,
    -0.28515625,
    -0.267578125,
    -0.0888671875,
    -0.1708984375,
    -0.07861328125,
    -0.1279296875,
    -0.119140625,
    -0.2080078125,
    -0.023193359375,
    -0.17578125,
    -0.1396484375,
    -0.12890625,
    -0.275390625,
    -0.294921875,
    -0.16015625,
    -0.24609375,
    -0.1669921875,
    -0.1240234375,
    -0.1865234375,
    -0.072265625,
    -0.07177734375,
    -0.036376953125,
    -0.1240234375,
    -0.099609375,
    -0.119140625,
    -0.1376953125,
    -0.08154296875,
    -0.125,
    -0.10986328125,
    -0.12890625,
    -0.09765625,
    -0.0712890625,
    -0.2197265625,
    -0.1328125,
    -0.1318359375,
    -0.076171875,
    -0.25,
    -0.1240234375,
    -0.08837890625,
    -0.1826171875,
    -0.058349609375,
    -0.099609375,
    -0.10107421875,
    -0.107421875,
    -0.197265625,
    -0.10205078125,
    -0.12890625,
    -0.265625,
    -0.0458984375,
    -0.1982421875,
    -0.1845703125,
    -0.1513671875,
    -0.255859375,
    -0.1943359375,
    -0.2255859375,
    -0.1533203125,
    -0.08056640625,
    -0.21484375,
    -0.06103515625,
    -0.1904296875,
    -0.16796875,
    -0.1884765625,
    -0.03271484375,
    -0.283203125,
    -0.1064453125,
    -0.1171875,
    -0.11474609375
  ]
}