{
  "norm": 30.125,
  "harmful_mean_projection": 0.51419921875,
  "harmless_mean_projection": -0.010803146362304688,
  "cosine_separation": 0.5250023651123047,
  "harmful_cosines": [
    0.431640625,
    0.51171875,
    0.486328125,
    0.490234375,
    0.4765625,
    0.44921875,
    0.4765625,
    0.55859375,
    0.4921875,
    0.4609375,
    0.51953125,
    0.57421875,
    0.482421875,
    0.48046875,
    0.53125,
    0.439453125,
    0.5859375,
    0.546875,
    0.5234375,
    0.58984375,
    0.5625,
    0.5390625,
    0.55078125,
    0.4609375,
    0.4921875,
    0.48046875,
    0.6015625,
    0.447265625,
    0.5703125,
    0.54296875,
    0.453125,
    0.50390625,
    0.462890625,
    0.515625,
    0.578125,
    0.57421875,
    0.43359375,
    0.5859375,
    0.546875,
    0.5859375,
    0.41796875,
    0.5234375,
    0.54296875,
    0.5390625,
    0.53515625,
    0.56640625,
    0.59375,
    0.46875,
    0.50390625,
    0.51953125,
    0.51171875,
    0.46484375,
    0.54296875,
    0.458984375,
    0.427734375,
    0.390625,
    0.486328125,
    0.4453125,
    0.4609375,
    0.36328125,
    0.462890625,
    0.486328125,
    0.546875,
    0.546875,
    0.6015625,
    0.48828125,
    0.490234375,
    0.5859375,
    0.5234375,
    0.52734375,
    0.58984375,
    0.45703125,
    0.357421875,
    0.48828125,
    0.5078125,
    0.51171875,
    0.5234375,
    0.57421875,
    0.52734375,
    0.59375,
    0.55859375,
    0.455078125,
    0.5625,
    0.462890625,
    0.515625,
    0.421875,
    0.51953125,
    0.59765625,
    0.5234375,
    0.490234375,
    0.5859375,
    0.58203125,
    0.5703125,
    0.5546875,
    0.54296875,
    0.55078125,
    0.50390625,
    0.5390625,
    0.578125,
    0.5546875
  ],
  "harmless_cosines": [
    0.042236328125,
    0.0098876953125,
    -0.1328125,
    -0.1240234375,
    -0.095703125,
    0.1845703125,
    -0.061279296875,
    -0.06689453125,
    0.08642578125,
    0.045654296875,
    -0.05712890625,
    -0.0052490234375,
    0.1826171875,
    -0.1435546875,
    0.11083984375,
    -0.1416015625,
    -0.1201171875,
    0.0859375,
    -0.0498046875,
    0.1240234375,
    -0.0517578125,
    -0.1806640625,
    -0.0294189453125,
    -0.1552734375,
    -0.13671875,
    -0.09521484375,
    -0.1220703125,
    -0.12890625,
    -0.08056640625,
    -0.130859375,
    -0.1689453125,
    0.056396484375,
    -0.036376953125,
    -0.1259765625,
    -0.11328125,
    0.029052734375,
    -0.04150390625,
    0.0255126953125,
    0.00860595703125,
    0.041015625,
    -0.05810546875,
    0.150390625,
    -0.048095703125,
    0.01708984375,
    0.0130615234375,
    -0.130859375,
    -0.1787109375,
    0.0203857421875,
    -0.044677734375,
    -0.01263427734375,
    0.040283203125,
    -0.06591796875,
    0.12890625,
    0.1416015625,
    0.1669921875,
    0.037353515625,
    0.07275390625,
    0.0301513671875,
    0.07568359375,
    -0.0181884765625,
    0.0201416015625,
    0.009521484375,
    0.0286865234375,
    0.05078125,
    0.08837890625,
    -0.10009765625,
    0.0341796875,
    -0.022705078125,
    0.09033203125,
    -0.09326171875,
    0.013671875,
    0.03466796875,
    -0.06591796875,
    0.08642578125,
    0.07275390625,
    0.04150390625,
    0.038818359375,
    -0.056884765625,
    0.0712890625,
    -0.00115203857421875,
    -0.12890625,
    0.08642578125,
    -0.091796875,
    0.00701904296875,
    -0.0201416015625,
    -0.15625,
    -0.019775390625,
    -0.09130859375,
    0.11865234375,
    0.07568359375,
    -0.021484375,
    0.1083984375,
    -0.08642578125,
    0.045654296875,
    0.00823974609375,
    0.083984375,
    -0.15234375,
    0.0322265625,
    -0.007080078125,
    0.01324462890625
  ]
}