{
  "norm": 15.0625,
  "harmful_mean_projection": 0.07439453125,
  "harmless_mean_projection": -0.1691046142578125,
  "cosine_separation": 0.24349914550781251,
  "harmful_cosines": [
    0.07373046875,
    0.0654296875,
    0.080078125,
    0.06103515625,
    0.0654296875,
    0.0771484375,
    0.0703125,
    0.0908203125,
    0.0771484375,
    0.08154296875,
    0.07763671875,
    0.07666015625,
    0.076171875,
    0.07568359375,
    0.060546875,
    0.0439453125,
    0.0927734375,
    0.0771484375,
    0.08935546875,
    0.0673828125,
    0.08544921875,
    0.052001953125,
    0.0771484375,
    0.03857421875,
    0.0791015625,
    0.061279296875,
    0.09521484375,
    0.08642578125,
    0.06689453125,
    0.0751953125,
    0.056884765625,
    0.08447265625,
    0.06640625,
    0.080078125,
    0.087890625,
    0.07421875,
    0.06396484375,
    0.0849609375,
    0.09423828125,
    0.07421875,
    0.058837890625,
    0.08544921875,
    0.072265625,
    0.09033203125,
    0.0771484375,
    0.08447265625,
    0.08056640625,
    0.07763671875,
    0.07763671875,
    0.07275390625,
    0.08056640625,
    0.0830078125,
    0.056884765625,
    0.0751953125,
    0.07861328125,
    0.0478515625,
    0.09423828125,
    0.06689453125,
    0.08740234375,
    0.036376953125,
    0.055419921875,
    0.09033203125,
    0.07470703125,
    0.06396484375,
    0.07373046875,
    0.06884765625,
    0.08251953125,
    0.072265625,
    0.055908203125,
    0.07177734375,
    0.08349609375,
    0.0703125,
    0.078125,
    0.07177734375,
    0.07080078125,
    0.06787109375,
    0.07177734375,
    0.08642578125,
    0.0693359375,
    0.068359375,
    0.0771484375,
    0.07080078125,
    0.047607421875,
    0.06787109375,
    0.07470703125,
    0.0810546875,
    0.064453125,
    0.0859375,
    0.08935546875,
    0.06494140625,
    0.10791015625,
    0.08837890625,
    0.07958984375,
    0.08740234375,
    0.07763671875,
    0.09228515625,
    0.07763671875,
    0.060791015625,
    0.0869140625,
    0.060546875
  ],
  "harmless_cosines": [
    -0.1669921875,
    -0.1396484375,
    -0.2099609375,
    -0.23046875,
    -0.2333984375,
    -0.01336669921875,
    -0.201171875,
    -0.2314453125,
    -0.146484375,
    -0.126953125,
    -0.1943359375,
    -0.142578125,
    -0.055419921875,
    -0.2333984375,
    -0.061767578125,
    -0.2412109375,
    -0.236328125,
    -0.09814453125,
    -0.2119140625,
    -0.10595703125,
    -0.15234375,
    -0.25,
    -0.1806640625,
    -0.263671875,
    -0.228515625,
    -0.2490234375,
    -0.2353515625,
    -0.240234375,
    -0.1962890625,
    -0.240234375,
    -0.2490234375,
    -0.12890625,
    -0.193359375,
    -0.2470703125,
    -0.2333984375,
    -0.130859375,
    -0.1796875,
    -0.140625,
    -0.1572265625,
    -0.181640625,
    -0.232421875,
    -0.0257568359375,
    -0.1982421875,
    -0.2060546875,
    -0.203125,
    -0.23828125,
    -0.2373046875,
    -0.1943359375,
    -0.1962890625,
    -0.173828125,
    -0.1318359375,
    -0.232421875,
    -0.045654296875,
    -0.041748046875,
    -0.045166015625,
    -0.1455078125,
    -0.1318359375,
    -0.1416015625,
    -0.130859375,
    -0.140625,
    -0.150390625,
    -0.1572265625,
    -0.142578125,
    -0.11962890625,
    -0.1171875,
    -0.224609375,
    -0.1298828125,
    -0.1640625,
    -0.1337890625,
    -0.2294921875,
    -0.12890625,
    -0.138671875,
    -0.1884765625,
    -0.1181640625,
    -0.12158203125,
    -0.1494140625,
    -0.12255859375,
    -0.1953125,
    -0.1259765625,
    -0.1611328125,
    -0.216796875,
    -0.07421875,
    -0.2265625,
    -0.1982421875,
    -0.22265625,
    -0.2158203125,
    -0.197265625,
    -0.2412109375,
    -0.109375,
    -0.12890625,
    -0.1962890625,
    -0.12890625,
    -0.2021484375,
    -0.1962890625,
    -0.09326171875,
    -0.11669921875,
    -0.2275390625,
    -0.142578125,
    -0.14453125,
    -0.16015625
  ]
}