{
  "norm": 2.75,
  "harmful_mean_projection": 0.07168926239013672,
  "harmless_mean_projection": -0.17522216796875,
  "cosine_separation": 0.24691143035888674,
  "harmful_cosines": [
    0.07421875,
    0.018310546875,
    0.03662109375,
    0.029541015625,
    0.0458984375,
    0.05517578125,
    0.01239013671875,
    0.0859375,
    0.0654296875,
    0.07763671875,
    0.0693359375,
    0.10205078125,
    0.060302734375,
    0.037841796875,
    0.08349609375,
    0.02392578125,
    0.087890625,
    0.054931640625,
    0.09619140625,
    0.1015625,
    0.046630859375,
    0.031494140625,
    0.02490234375,
    0.044677734375,
    0.049560546875,
    0.0185546875,
    0.095703125,
    0.061767578125,
    0.09814453125,
    0.09814453125,
    0.11572265625,
    0.07861328125,
    0.08544921875,
    0.026611328125,
    0.09228515625,
    0.054443359375,
    0.0263671875,
    0.0751953125,
    0.07666015625,
    0.08251953125,
    0.068359375,
    0.0966796875,
    0.045654296875,
    0.056396484375,
    0.12353515625,
    0.10986328125,
    0.06640625,
    0.0654296875,
    0.107421875,
    0.05224609375,
    0.08154296875,
    0.060791015625,
    0.0478515625,
    0.037109375,
    0.0458984375,
    0.0208740234375,
    0.043212890625,
    0.09814453125,
    0.000713348388671875,
    0.022705078125,
    0.0167236328125,
    0.076171875,
    0.07275390625,
    0.1533203125,
    0.1513671875,
    0.08642578125,
    0.048583984375,
    0.1376953125,
    0.07763671875,
    0.11376953125,
    0.10400390625,
    0.07177734375,
    0.0888671875,
    0.080078125,
    0.09521484375,
    0.07958984375,
    0.0703125,
    0.123046875,
    0.09814453125,
    0.062255859375,
    0.08544921875,
    0.07568359375,
    0.040771484375,
    0.06689453125,
    0.1162109375,
    0.052001953125,
    0.01300048828125,
    0.0751953125,
    0.072265625,
    0.062255859375,
    0.099609375,
    0.1318359375,
    0.125,
    0.07666015625,
    0.034912109375,
    0.11962890625,
    0.1142578125,
    0.06494140625,
    0.09130859375,
    0.09033203125
  ],
  "harmless_cosines": [
    -0.193359375,
    -0.20703125,
    -0.2294921875,
    -0.1865234375,
    -0.181640625,
    -0.054443359375,
    -0.25,
    -0.1884765625,
    -0.1328125,
    -0.158203125,
    -0.1640625,
    -0.171875,
    -0.08837890625,
    -0.185546875,
    -0.08642578125,
    -0.2041015625,
    -0.2080078125,
    -0.1337890625,
    -0.138671875,
    -0.12158203125,
    -0.173828125,
    -0.1640625,
    -0.1923828125,
    -0.2060546875,
    -0.2109375,
    -0.2236328125,
    -0.26171875,
    -0.208984375,
    -0.2578125,
    -0.2197265625,
    -0.251953125,
    -0.11962890625,
    -0.20703125,
    -0.2138671875,
    -0.19921875,
    -0.1796875,
    -0.1474609375,
    -0.19921875,
    -0.1494140625,
    -0.1591796875,
    -0.224609375,
    -0.15234375,
    -0.1796875,
    -0.203125,
    -0.2421875,
    -0.1904296875,
    -0.1796875,
    -0.1455078125,
    -0.17578125,
    -0.1552734375,
    -0.1728515625,
    -0.2421875,
    -0.11474609375,
    -0.15234375,
    -0.12109375,
    -0.19921875,
    -0.138671875,
    -0.193359375,
    -0.2001953125,
    -0.232421875,
    -0.1748046875,
    -0.2197265625,
    -0.166015625,
    -0.138671875,
    -0.158203125,
    -0.1953125,
    -0.1513671875,
    -0.1689453125,
    -0.1220703125,
    -0.189453125,
    -0.16015625,
    -0.19921875,
    -0.1982421875,
    -0.169921875,
    -0.1455078125,
    -0.1826171875,
    -0.1044921875,
    -0.162109375,
    -0.1474609375,
    -0.1494140625,
    -0.2177734375,
    -0.16015625,
    -0.1943359375,
    -0.1728515625,
    -0.1767578125,
    -0.2177734375,
    -0.169921875,
    -0.1708984375,
    -0.115234375,
    -0.162109375,
    -0.1552734375,
    -0.126953125,
    -0.1630859375,
    -0.1767578125,
    -0.12255859375,
    -0.1513671875,
    -0.169921875,
    -0.2080078125,
    -0.162109375,
    -0.1787109375
  ]
}